{
    "counter": {
        "ACTIVE": 16798,
        "INACTIVE": 26,
        "INVALID": 0,
        "MALICIOUS": 0,
        "SANE": 0,
        "VALID": 0,
        "total": 16824
    },
    "percentage": {
        "ACTIVE": 99.8454588682834,
        "INACTIVE": 0.15454113171659534,
        "INVALID": 0.0,
        "MALICIOUS": 0.0,
        "SANE": 0.0,
        "VALID": 0.0,
        "total": 100.0
    }
}