{
    "counter": {
        "ACTIVE": 16569,
        "INACTIVE": 22,
        "INVALID": 0,
        "MALICIOUS": 0,
        "SANE": 0,
        "VALID": 0,
        "total": 16591
    },
    "percentage": {
        "ACTIVE": 99.86739798686034,
        "INACTIVE": 0.13334141463118976,
        "INVALID": 0,
        "MALICIOUS": 0,
        "SANE": 0,
        "VALID": 0,
        "total": 100.00073940149153
    }
}