{
    "counter": {
        "ACTIVE": 16830,
        "INACTIVE": 27,
        "INVALID": 0,
        "MALICIOUS": 0,
        "SANE": 0,
        "VALID": 0,
        "total": 16857
    },
    "percentage": {
        "ACTIVE": 99.8398291510945,
        "INACTIVE": 0.1601708489054992,
        "INVALID": 0.0,
        "MALICIOUS": 0.0,
        "SANE": 0.0,
        "VALID": 0.0,
        "total": 100.0
    }
}