{
    "counter": {
        "ACTIVE": 16885,
        "INACTIVE": 28,
        "INVALID": 0,
        "MALICIOUS": 0,
        "SANE": 0,
        "VALID": 0,
        "total": 16913
    },
    "percentage": {
        "ACTIVE": 99.83444687518477,
        "INACTIVE": 0.16555312481523088,
        "INVALID": 0.0,
        "MALICIOUS": 0.0,
        "SANE": 0.0,
        "VALID": 0.0,
        "total": 100.0
    }
}