{
    "counter": {
        "ACTIVE": 15222,
        "INACTIVE": 9,
        "INVALID": 0,
        "MALICIOUS": 0,
        "SANE": 0,
        "VALID": 0,
        "total": 15231
    },
    "percentage": {
        "ACTIVE": 99.94090998621233,
        "INACTIVE": 0.06028938906752412,
        "INVALID": 0,
        "MALICIOUS": 0,
        "SANE": 0,
        "VALID": 0,
        "total": 100.00119937527985
    }
}