{
    "counter": {
        "ACTIVE": 12220,
        "INACTIVE": 2,
        "INVALID": 0,
        "MALICIOUS": 0,
        "SANE": 0,
        "VALID": 0,
        "total": 12222
    },
    "percentage": {
        "ACTIVE": 99.9836360661103,
        "INACTIVE": 0.1400560224089636,
        "INVALID": 0,
        "MALICIOUS": 0,
        "SANE": 0,
        "VALID": 0,
        "total": 100.12369208851926
    }
}