{
    "counter": {
        "ACTIVE": 17499,
        "INACTIVE": 30,
        "INVALID": 0,
        "MALICIOUS": 0,
        "SANE": 0,
        "VALID": 0,
        "total": 17529
    },
    "percentage": {
        "ACTIVE": 99.82885504021907,
        "INACTIVE": 0.17114495978093444,
        "INVALID": 0.0,
        "MALICIOUS": 0.0,
        "SANE": 0.0,
        "VALID": 0.0,
        "total": 100.0
    }
}