{
    "counter": {
        "ACTIVE": 17292,
        "INACTIVE": 29,
        "INVALID": 0,
        "MALICIOUS": 0,
        "SANE": 0,
        "VALID": 0,
        "total": 17321
    },
    "percentage": {
        "ACTIVE": 99.8325731770683,
        "INACTIVE": 0.1688402421984164,
        "INVALID": 0.0,
        "MALICIOUS": 0.0,
        "SANE": 0.0,
        "VALID": 0.0,
        "total": 100.00141341926671
    }
}