{
    "counter": {
        "ACTIVE": 11300,
        "INACTIVE": 16,
        "INVALID": 0,
        "MALICIOUS": 0,
        "SANE": 0,
        "VALID": 0,
        "total": 11316
    },
    "percentage": {
        "ACTIVE": 99.85860728172499,
        "INACTIVE": 0.9685230024213075,
        "INVALID": 0,
        "MALICIOUS": 0,
        "SANE": 0,
        "VALID": 0,
        "total": 100.82713028414629
    }
}