{
    "counter": {
        "ACTIVE": 16764,
        "INACTIVE": 26,
        "INVALID": 0,
        "MALICIOUS": 0,
        "SANE": 0,
        "VALID": 0,
        "total": 16790
    },
    "percentage": {
        "ACTIVE": 99.84514592019059,
        "INACTIVE": 0.15485407980941035,
        "INVALID": 0.0,
        "MALICIOUS": 0.0,
        "SANE": 0.0,
        "VALID": 0.0,
        "total": 100.0
    }
}