{
    "counter": {
        "ACTIVE": 16504,
        "INACTIVE": 22,
        "INVALID": 0,
        "MALICIOUS": 0,
        "SANE": 0,
        "VALID": 0,
        "total": 16526
    },
    "percentage": {
        "ACTIVE": 99.86687643712938,
        "INACTIVE": 0.13334141463118976,
        "INVALID": 0,
        "MALICIOUS": 0,
        "SANE": 0,
        "VALID": 0,
        "total": 100.00021785176057
    }
}