{
    "counter": {
        "ACTIVE": 16785,
        "INACTIVE": 26,
        "INVALID": 0,
        "MALICIOUS": 0,
        "SANE": 0,
        "VALID": 0,
        "total": 16811
    },
    "percentage": {
        "ACTIVE": 99.84533936113259,
        "INACTIVE": 0.15466063886740825,
        "INVALID": 0.0,
        "MALICIOUS": 0.0,
        "SANE": 0.0,
        "VALID": 0.0,
        "total": 100.0
    }
}