{
    "counter": {
        "ACTIVE": 14791,
        "INACTIVE": 7,
        "INVALID": 0,
        "MALICIOUS": 0,
        "SANE": 0,
        "VALID": 0,
        "total": 14798
    },
    "percentage": {
        "ACTIVE": 99.9526963103122,
        "INACTIVE": 0.04736770875625931,
        "INVALID": 0,
        "MALICIOUS": 0,
        "SANE": 0,
        "VALID": 0,
        "total": 100.00006401906846
    }
}