{
    "counter": {
        "ACTIVE": 17469,
        "INACTIVE": 29,
        "INVALID": 0,
        "MALICIOUS": 0,
        "SANE": 0,
        "VALID": 0,
        "total": 17498
    },
    "percentage": {
        "ACTIVE": 99.83426677334552,
        "INACTIVE": 0.1657332266544748,
        "INVALID": 0.0,
        "MALICIOUS": 0.0,
        "SANE": 0.0,
        "VALID": 0.0,
        "total": 100.0
    }
}