{
    "counter": {
        "ACTIVE": 14630,
        "INACTIVE": 4,
        "INVALID": 0,
        "MALICIOUS": 0,
        "SANE": 0,
        "VALID": 0,
        "total": 14634
    },
    "percentage": {
        "ACTIVE": 99.9726663933306,
        "INACTIVE": 0.03005259203606311,
        "INVALID": 0,
        "MALICIOUS": 0,
        "SANE": 0,
        "VALID": 0,
        "total": 100.00271898536666
    }
}