{
    "counter": {
        "ACTIVE": 16991,
        "INACTIVE": 28,
        "INVALID": 0,
        "MALICIOUS": 0,
        "SANE": 0,
        "VALID": 0,
        "total": 17019
    },
    "percentage": {
        "ACTIVE": 99.83547799518186,
        "INACTIVE": 0.16452200481814444,
        "INVALID": 0.0,
        "MALICIOUS": 0.0,
        "SANE": 0.0,
        "VALID": 0.0,
        "total": 100.0
    }
}