{
    "counter": {
        "ACTIVE": 15161,
        "INACTIVE": 9,
        "INVALID": 0,
        "MALICIOUS": 0,
        "SANE": 0,
        "VALID": 0,
        "total": 15170
    },
    "percentage": {
        "ACTIVE": 99.94067237969676,
        "INACTIVE": 0.06028938906752412,
        "INVALID": 0,
        "MALICIOUS": 0,
        "SANE": 0,
        "VALID": 0,
        "total": 100.00096176876428
    }
}