{
    "counter": {
        "ACTIVE": 16632,
        "INACTIVE": 23,
        "INVALID": 0,
        "MALICIOUS": 0,
        "SANE": 0,
        "VALID": 0,
        "total": 16655
    },
    "percentage": {
        "ACTIVE": 99.86190333233263,
        "INACTIVE": 0.13819623865889563,
        "INVALID": 0,
        "MALICIOUS": 0,
        "SANE": 0,
        "VALID": 0,
        "total": 100.00009957099152
    }
}