{
    "counter": {
        "ACTIVE": 16994,
        "INACTIVE": 28,
        "INVALID": 0,
        "MALICIOUS": 0,
        "SANE": 0,
        "VALID": 0,
        "total": 17022
    },
    "percentage": {
        "ACTIVE": 99.83550699095288,
        "INACTIVE": 0.1644930090471155,
        "INVALID": 0.0,
        "MALICIOUS": 0.0,
        "SANE": 0.0,
        "VALID": 0.0,
        "total": 100.0
    }
}