{
    "counter": {
        "ACTIVE": 14110,
        "INACTIVE": 4,
        "INVALID": 0,
        "MALICIOUS": 0,
        "SANE": 0,
        "VALID": 0,
        "total": 14114
    },
    "percentage": {
        "ACTIVE": 99.97165934533088,
        "INACTIVE": 0.03005259203606311,
        "INVALID": 0,
        "MALICIOUS": 0,
        "SANE": 0,
        "VALID": 0,
        "total": 100.00171193736693
    }
}