{
    "counter": {
        "ACTIVE": 17364,
        "INACTIVE": 29,
        "INVALID": 0,
        "MALICIOUS": 0,
        "SANE": 0,
        "VALID": 0,
        "total": 17393
    },
    "percentage": {
        "ACTIVE": 99.83326625653999,
        "INACTIVE": 0.16673374346001266,
        "INVALID": 0.0,
        "MALICIOUS": 0.0,
        "SANE": 0.0,
        "VALID": 0.0,
        "total": 100.0
    }
}