{
    "counter": {
        "ACTIVE": 16875,
        "INACTIVE": 27,
        "INVALID": 0,
        "MALICIOUS": 0,
        "SANE": 0,
        "VALID": 0,
        "total": 16902
    },
    "percentage": {
        "ACTIVE": 99.84025559105432,
        "INACTIVE": 0.1597444089456869,
        "INVALID": 0.0,
        "MALICIOUS": 0.0,
        "SANE": 0.0,
        "VALID": 0.0,
        "total": 100.0
    }
}