{
    "counter": {
        "ACTIVE": 17398,
        "INACTIVE": 29,
        "INVALID": 0,
        "MALICIOUS": 0,
        "SANE": 0,
        "VALID": 0,
        "total": 17427
    },
    "percentage": {
        "ACTIVE": 99.83359155333677,
        "INACTIVE": 0.16640844666322374,
        "INVALID": 0.0,
        "MALICIOUS": 0.0,
        "SANE": 0.0,
        "VALID": 0.0,
        "total": 100.0
    }
}