{
    "counter": {
        "ACTIVE": 17412,
        "INACTIVE": 29,
        "INVALID": 0,
        "MALICIOUS": 0,
        "SANE": 0,
        "VALID": 0,
        "total": 17441
    },
    "percentage": {
        "ACTIVE": 99.83372513043977,
        "INACTIVE": 0.16627486956023163,
        "INVALID": 0.0,
        "MALICIOUS": 0.0,
        "SANE": 0.0,
        "VALID": 0.0,
        "total": 100.0
    }
}