{
    "counter": {
        "ACTIVE": 14572,
        "INACTIVE": 99,
        "INVALID": 0,
        "MALICIOUS": 0,
        "SANE": 0,
        "VALID": 0,
        "total": 14671
    },
    "percentage": {
        "ACTIVE": 99.32519937291255,
        "INACTIVE": 0.6771545827633378,
        "INVALID": 0,
        "MALICIOUS": 0,
        "SANE": 0,
        "VALID": 0,
        "total": 100.00235395567589
    }
}