{
    "counter": {
        "ACTIVE": 16592,
        "INACTIVE": 22,
        "INVALID": 0,
        "MALICIOUS": 0,
        "SANE": 0,
        "VALID": 0,
        "total": 16614
    },
    "percentage": {
        "ACTIVE": 99.8675815577224,
        "INACTIVE": 0.13334141463118976,
        "INVALID": 0,
        "MALICIOUS": 0,
        "SANE": 0,
        "VALID": 0,
        "total": 100.00092297235359
    }
}