{
    "counter": {
        "ACTIVE": 16583,
        "INACTIVE": 22,
        "INVALID": 0,
        "MALICIOUS": 0,
        "SANE": 0,
        "VALID": 0,
        "total": 16605
    },
    "percentage": {
        "ACTIVE": 99.86750978620897,
        "INACTIVE": 0.13334141463118976,
        "INVALID": 0,
        "MALICIOUS": 0,
        "SANE": 0,
        "VALID": 0,
        "total": 100.00085120084016
    }
}