{
    "counter": {
        "ACTIVE": 17077,
        "INACTIVE": 29,
        "INVALID": 0,
        "MALICIOUS": 0,
        "SANE": 0,
        "VALID": 0,
        "total": 17106
    },
    "percentage": {
        "ACTIVE": 99.83046884134222,
        "INACTIVE": 0.1695311586577809,
        "INVALID": 0.0,
        "MALICIOUS": 0.0,
        "SANE": 0.0,
        "VALID": 0.0,
        "total": 100.0
    }
}