{
    "counter": {
        "ACTIVE": 15289,
        "INACTIVE": 10,
        "INVALID": 0,
        "MALICIOUS": 0,
        "SANE": 0,
        "VALID": 0,
        "total": 15299
    },
    "percentage": {
        "ACTIVE": 99.93463625073534,
        "INACTIVE": 0.06546644844517185,
        "INVALID": 0,
        "MALICIOUS": 0,
        "SANE": 0,
        "VALID": 0,
        "total": 100.00010269918052
    }
}