{
    "counter": {
        "ACTIVE": 17270,
        "INACTIVE": 29,
        "INVALID": 0,
        "MALICIOUS": 0,
        "SANE": 0,
        "VALID": 0,
        "total": 17299
    },
    "percentage": {
        "ACTIVE": 99.83236025203769,
        "INACTIVE": 0.1688402421984164,
        "INVALID": 0.0,
        "MALICIOUS": 0.0,
        "SANE": 0.0,
        "VALID": 0.0,
        "total": 100.0012004942361
    }
}