{
    "counter": {
        "ACTIVE": 16535,
        "INACTIVE": 22,
        "INVALID": 0,
        "MALICIOUS": 0,
        "SANE": 0,
        "VALID": 0,
        "total": 16557
    },
    "percentage": {
        "ACTIVE": 99.86712568702059,
        "INACTIVE": 0.13334141463118976,
        "INVALID": 0,
        "MALICIOUS": 0,
        "SANE": 0,
        "VALID": 0,
        "total": 100.00046710165178
    }
}