{
    "counter": {
        "ACTIVE": 17050,
        "INACTIVE": 28,
        "INVALID": 0,
        "MALICIOUS": 0,
        "SANE": 0,
        "VALID": 0,
        "total": 17078
    },
    "percentage": {
        "ACTIVE": 99.8360463754538,
        "INACTIVE": 0.1639536245461998,
        "INVALID": 0.0,
        "MALICIOUS": 0.0,
        "SANE": 0.0,
        "VALID": 0.0,
        "total": 100.0
    }
}