{
    "counter": {
        "ACTIVE": 16311,
        "INACTIVE": 20,
        "INVALID": 0,
        "MALICIOUS": 0,
        "SANE": 0,
        "VALID": 0,
        "total": 16331
    },
    "percentage": {
        "ACTIVE": 99.87753352519748,
        "INACTIVE": 0.12306934957848747,
        "INVALID": 0,
        "MALICIOUS": 0,
        "SANE": 0,
        "VALID": 0,
        "total": 100.00060287477596
    }
}