{
    "counter": {
        "ACTIVE": 15850,
        "INACTIVE": 15,
        "INVALID": 0,
        "MALICIOUS": 0,
        "SANE": 0,
        "VALID": 0,
        "total": 15865
    },
    "percentage": {
        "ACTIVE": 99.90545225338796,
        "INACTIVE": 0.09613535858488752,
        "INVALID": 0,
        "MALICIOUS": 0,
        "SANE": 0,
        "VALID": 0,
        "total": 100.00158761197285
    }
}