{
    "counter": {
        "ACTIVE": 1445,
        "INACTIVE": 2,
        "INVALID": 0,
        "MALICIOUS": 0,
        "SANE": 0,
        "VALID": 0,
        "total": 1447
    },
    "percentage": {
        "ACTIVE": 99.86178299930891,
        "INACTIVE": 0.13966480446927373,
        "INVALID": 0,
        "MALICIOUS": 0,
        "SANE": 0,
        "VALID": 0,
        "total": 100.00144780377819
    }
}