{
    "counter": {
        "ACTIVE": 17036,
        "INACTIVE": 28,
        "INVALID": 0,
        "MALICIOUS": 0,
        "SANE": 0,
        "VALID": 0,
        "total": 17064
    },
    "percentage": {
        "ACTIVE": 99.83591186122831,
        "INACTIVE": 0.16408813877168307,
        "INVALID": 0.0,
        "MALICIOUS": 0.0,
        "SANE": 0.0,
        "VALID": 0.0,
        "total": 100.0
    }
}