{
    "counter": {
        "ACTIVE": 15370,
        "INACTIVE": 11,
        "INVALID": 0,
        "MALICIOUS": 0,
        "SANE": 0,
        "VALID": 0,
        "total": 15381
    },
    "percentage": {
        "ACTIVE": 99.92848319355049,
        "INACTIVE": 0.07176409185803757,
        "INVALID": 0,
        "MALICIOUS": 0,
        "SANE": 0,
        "VALID": 0,
        "total": 100.00024728540853
    }
}