{
    "counter": {
        "ACTIVE": 15054,
        "INACTIVE": 9,
        "INVALID": 0,
        "MALICIOUS": 0,
        "SANE": 0,
        "VALID": 0,
        "total": 15063
    },
    "percentage": {
        "ACTIVE": 99.9402509460267,
        "INACTIVE": 0.06028938906752412,
        "INVALID": 0,
        "MALICIOUS": 0,
        "SANE": 0,
        "VALID": 0,
        "total": 100.00054033509421
    }
}