{
    "counter": {
        "ACTIVE": 16833,
        "INACTIVE": 27,
        "INVALID": 0,
        "MALICIOUS": 0,
        "SANE": 0,
        "VALID": 0,
        "total": 16860
    },
    "percentage": {
        "ACTIVE": 99.83985765124555,
        "INACTIVE": 0.1601423487544484,
        "INVALID": 0.0,
        "MALICIOUS": 0.0,
        "SANE": 0.0,
        "VALID": 0.0,
        "total": 100.0
    }
}