{
    "counter": {
        "ACTIVE": 16879,
        "INACTIVE": 27,
        "INVALID": 0,
        "MALICIOUS": 0,
        "SANE": 0,
        "VALID": 0,
        "total": 16906
    },
    "percentage": {
        "ACTIVE": 99.84029338696321,
        "INACTIVE": 0.15970661303679168,
        "INVALID": 0.0,
        "MALICIOUS": 0.0,
        "SANE": 0.0,
        "VALID": 0.0,
        "total": 100.0
    }
}