{
    "counter": {
        "ACTIVE": 17447,
        "INACTIVE": 29,
        "INVALID": 0,
        "MALICIOUS": 0,
        "SANE": 0,
        "VALID": 0,
        "total": 17476
    },
    "percentage": {
        "ACTIVE": 99.83405813687342,
        "INACTIVE": 0.16594186312657358,
        "INVALID": 0.0,
        "MALICIOUS": 0.0,
        "SANE": 0.0,
        "VALID": 0.0,
        "total": 100.0
    }
}