{
    "counter": {
        "ACTIVE": 16749,
        "INACTIVE": 25,
        "INVALID": 0,
        "MALICIOUS": 0,
        "SANE": 0,
        "VALID": 0,
        "total": 16774
    },
    "percentage": {
        "ACTIVE": 99.85095981876714,
        "INACTIVE": 0.14910240353074491,
        "INVALID": 0,
        "MALICIOUS": 0,
        "SANE": 0,
        "VALID": 0,
        "total": 100.00006222229788
    }
}