{
    "counter": {
        "ACTIVE": 13202,
        "INACTIVE": 2,
        "INVALID": 0,
        "MALICIOUS": 0,
        "SANE": 0,
        "VALID": 0,
        "total": 13204
    },
    "percentage": {
        "ACTIVE": 99.9848530748258,
        "INACTIVE": 0.1400560224089636,
        "INVALID": 0,
        "MALICIOUS": 0,
        "SANE": 0,
        "VALID": 0,
        "total": 100.12490909723478
    }
}