{
    "counter": {
        "ACTIVE": 16693,
        "INACTIVE": 23,
        "INVALID": 0,
        "MALICIOUS": 0,
        "SANE": 0,
        "VALID": 0,
        "total": 16716
    },
    "percentage": {
        "ACTIVE": 99.86240727446757,
        "INACTIVE": 0.13819623865889563,
        "INVALID": 0,
        "MALICIOUS": 0,
        "SANE": 0,
        "VALID": 0,
        "total": 100.00060351312646
    }
}