{
    "counter": {
        "ACTIVE": 17486,
        "INACTIVE": 29,
        "INVALID": 0,
        "MALICIOUS": 0,
        "SANE": 0,
        "VALID": 0,
        "total": 17515
    },
    "percentage": {
        "ACTIVE": 99.83442763345704,
        "INACTIVE": 0.16557236654296317,
        "INVALID": 0.0,
        "MALICIOUS": 0.0,
        "SANE": 0.0,
        "VALID": 0.0,
        "total": 100.0
    }
}