{
    "counter": {
        "1API GmbH": 1,
        "Alibaba Cloud Computing (Beijing) Co., Ltd.": 1,
        "Amazon Registrar, Inc.": 4,
        "CSC Corporate Domains, Inc.": 1,
        "CloudFlare, Inc.": 1,
        "CommuniGal Communications Ltd.": 1,
        "DropCatch.com 892 LLC": 1,
        "Dynadot LLC": 1,
        "EuroDNS S.A.": 2,
        "GoDaddy.com, LLC": 7,
        "Google LLC": 1,
        "Hosting Concepts B.V. d/b/a Registrar.eu": 1,
        "Hosting Ukraine LLC": 1,
        "MarkMonitor Inc.": 118,
        "MarkMonitor, Inc.": 1,
        "Moniker Online Services LLC": 1,
        "NameCheap, Inc.": 10,
        "Namecheap": 1,
        "Network Solutions, LLC": 1,
        "Nom-iq Ltd. dba COM LAUDE": 1,
        "RU-CENTER-RU": 1,
        "TLDS L.L.C. d/b/a SRSPlus": 1,
        "Tucows Domains Inc.": 1,
        "UNET-REG": 1,
        "URL Solutions Inc.": 14,
        "eNom, LLC": 10,
        "total": 184
    },
    "percentage": {
        "1API GmbH": 0.5434782608695652,
        "Alibaba Cloud Computing (Beijing) Co., Ltd.": 0.5434782608695652,
        "Amazon Registrar, Inc.": 2.1739130434782608,
        "CSC Corporate Domains, Inc.": 0.5434782608695652,
        "CloudFlare, Inc.": 0.5434782608695652,
        "CommuniGal Communications Ltd.": 0.5434782608695652,
        "DropCatch.com 892 LLC": 0.5434782608695652,
        "Dynadot LLC": 0.5434782608695652,
        "EuroDNS S.A.": 1.0869565217391304,
        "GoDaddy.com, LLC": 3.8043478260869565,
        "Google LLC": 0.5434782608695652,
        "Hosting Concepts B.V. d/b/a Registrar.eu": 0.5434782608695652,
        "Hosting Ukraine LLC": 0.5434782608695652,
        "MarkMonitor Inc.": 64.1304347826087,
        "MarkMonitor, Inc.": 0.5434782608695652,
        "Moniker Online Services LLC": 0.5434782608695652,
        "NameCheap, Inc.": 5.434782608695652,
        "Namecheap": 0.5434782608695652,
        "Network Solutions, LLC": 0.5434782608695652,
        "Nom-iq Ltd. dba COM LAUDE": 0.5434782608695652,
        "RU-CENTER-RU": 0.5434782608695652,
        "TLDS L.L.C. d/b/a SRSPlus": 0.5434782608695652,
        "Tucows Domains Inc.": 0.5434782608695652,
        "UNET-REG": 0.5434782608695652,
        "URL Solutions Inc.": 7.608695652173913,
        "eNom, LLC": 5.434782608695652,
        "total": 99.99999999999999
    }
}