{
    "counter": {
        "101domain GRS Limited": 1,
        "1API GmbH": 1,
        "Alibaba Cloud Computing (Beijing) Co., Ltd.": 1,
        "Amazon Registrar, Inc.": 7,
        "CSC Corporate Domains, Inc.": 1,
        "CloudFlare, Inc.": 1,
        "CommuniGal Communications Ltd.": 1,
        "DYNADOT, LLC": 1,
        "Dotname Korea Corp.": 1,
        "DropCatch.com 892 LLC": 1,
        "Dynadot LLC": 1,
        "EuroDNS S.A.": 2,
        "Gandi SAS": 2,
        "GoDaddy.com, LLC": 9,
        "Google LLC": 1,
        "Hosting Concepts B.V. d/b/a Registrar.eu": 1,
        "Hosting Ukraine LLC": 1,
        "Key-Systems GmbH": 1,
        "MarkMonitor Inc.": 167,
        "MarkMonitor, Inc.": 1,
        "Moniker Online Services LLC": 1,
        "NameCheap, Inc.": 10,
        "Namecheap": 1,
        "Network Solutions, LLC": 1,
        "Nom-iq Ltd. dba COM LAUDE": 1,
        "RU-CENTER-RU": 1,
        "TLDS L.L.C. d/b/a SRSPlus": 1,
        "Tucows Domains Inc.": 1,
        "UNET-REG": 1,
        "URL Solutions Inc.": 14,
        "eNom, LLC": 10,
        "total": 244
    },
    "percentage": {
        "101domain GRS Limited": 0.4098360655737705,
        "1API GmbH": 0.4098360655737705,
        "Alibaba Cloud Computing (Beijing) Co., Ltd.": 0.4098360655737705,
        "Amazon Registrar, Inc.": 2.8688524590163933,
        "CSC Corporate Domains, Inc.": 0.4098360655737705,
        "CloudFlare, Inc.": 0.4098360655737705,
        "CommuniGal Communications Ltd.": 0.4098360655737705,
        "DYNADOT, LLC": 0.4098360655737705,
        "Dotname Korea Corp.": 0.4098360655737705,
        "DropCatch.com 892 LLC": 0.4098360655737705,
        "Dynadot LLC": 0.4098360655737705,
        "EuroDNS S.A.": 0.819672131147541,
        "Gandi SAS": 0.819672131147541,
        "GoDaddy.com, LLC": 3.6885245901639343,
        "Google LLC": 0.4098360655737705,
        "Hosting Concepts B.V. d/b/a Registrar.eu": 0.4098360655737705,
        "Hosting Ukraine LLC": 0.4098360655737705,
        "Key-Systems GmbH": 0.4098360655737705,
        "MarkMonitor Inc.": 68.44262295081967,
        "MarkMonitor, Inc.": 0.4098360655737705,
        "Moniker Online Services LLC": 0.4098360655737705,
        "NameCheap, Inc.": 4.098360655737705,
        "Namecheap": 0.4098360655737705,
        "Network Solutions, LLC": 0.4098360655737705,
        "Nom-iq Ltd. dba COM LAUDE": 0.4098360655737705,
        "RU-CENTER-RU": 0.4098360655737705,
        "TLDS L.L.C. d/b/a SRSPlus": 0.4098360655737705,
        "Tucows Domains Inc.": 0.4098360655737705,
        "UNET-REG": 0.4098360655737705,
        "URL Solutions Inc.": 5.737704918032787,
        "eNom, LLC": 4.098360655737705,
        "total": 100.00000000000001
    }
}