{
    "counter": {
        "101domain GRS Limited": 1,
        "1API GmbH": 1,
        "Alibaba Cloud Computing (Beijing) Co., Ltd.": 1,
        "Amazon Registrar, Inc.": 7,
        "CSC Corporate Domains, Inc.": 1,
        "CloudFlare, Inc.": 1,
        "CommuniGal Communications Ltd.": 1,
        "DYNADOT, LLC": 1,
        "Dotname Korea Corp.": 1,
        "DropCatch.com 892 LLC": 1,
        "Dynadot LLC": 1,
        "EuroDNS S.A.": 2,
        "Gandi SAS": 2,
        "GoDaddy.com, LLC": 9,
        "Google LLC": 1,
        "Hosting Concepts B.V. d/b/a Registrar.eu": 1,
        "Hosting Ukraine LLC": 1,
        "Key-Systems GmbH": 1,
        "MarkMonitor Inc.": 153,
        "MarkMonitor, Inc.": 1,
        "Moniker Online Services LLC": 1,
        "NameCheap, Inc.": 10,
        "Namecheap": 1,
        "Network Solutions, LLC": 1,
        "Nom-iq Ltd. dba COM LAUDE": 1,
        "RU-CENTER-RU": 1,
        "TLDS L.L.C. d/b/a SRSPlus": 1,
        "Tucows Domains Inc.": 1,
        "UNET-REG": 1,
        "URL Solutions Inc.": 14,
        "eNom, LLC": 10,
        "total": 230
    },
    "percentage": {
        "101domain GRS Limited": 0.43478260869565216,
        "1API GmbH": 0.43478260869565216,
        "Alibaba Cloud Computing (Beijing) Co., Ltd.": 0.43478260869565216,
        "Amazon Registrar, Inc.": 3.0434782608695654,
        "CSC Corporate Domains, Inc.": 0.43478260869565216,
        "CloudFlare, Inc.": 0.43478260869565216,
        "CommuniGal Communications Ltd.": 0.43478260869565216,
        "DYNADOT, LLC": 0.43478260869565216,
        "Dotname Korea Corp.": 0.43478260869565216,
        "DropCatch.com 892 LLC": 0.43478260869565216,
        "Dynadot LLC": 0.43478260869565216,
        "EuroDNS S.A.": 0.8695652173913043,
        "Gandi SAS": 0.8695652173913043,
        "GoDaddy.com, LLC": 3.9130434782608696,
        "Google LLC": 0.43478260869565216,
        "Hosting Concepts B.V. d/b/a Registrar.eu": 0.43478260869565216,
        "Hosting Ukraine LLC": 0.43478260869565216,
        "Key-Systems GmbH": 0.43478260869565216,
        "MarkMonitor Inc.": 66.52173913043478,
        "MarkMonitor, Inc.": 0.43478260869565216,
        "Moniker Online Services LLC": 0.43478260869565216,
        "NameCheap, Inc.": 4.3478260869565215,
        "Namecheap": 0.43478260869565216,
        "Network Solutions, LLC": 0.43478260869565216,
        "Nom-iq Ltd. dba COM LAUDE": 0.43478260869565216,
        "RU-CENTER-RU": 0.43478260869565216,
        "TLDS L.L.C. d/b/a SRSPlus": 0.43478260869565216,
        "Tucows Domains Inc.": 0.43478260869565216,
        "UNET-REG": 0.43478260869565216,
        "URL Solutions Inc.": 6.086956521739131,
        "eNom, LLC": 4.3478260869565215,
        "total": 100.00000000000001
    }
}