{
    "counter": {
        "1API GmbH": 1,
        "Alibaba Cloud Computing (Beijing) Co., Ltd.": 1,
        "Amazon Registrar, Inc.": 3,
        "CSC Corporate Domains, Inc.": 1,
        "CommuniGal Communications Ltd.": 1,
        "DropCatch.com 892 LLC": 1,
        "Dynadot LLC": 1,
        "EuroDNS S.A.": 2,
        "GoDaddy.com, LLC": 2,
        "Hosting Concepts B.V. d/b/a Registrar.eu": 1,
        "Hosting Ukraine LLC": 1,
        "MarkMonitor Inc.": 79,
        "Moniker Online Services LLC": 1,
        "NameCheap, Inc.": 7,
        "Namecheap": 1,
        "Network Solutions, LLC": 1,
        "Nom-iq Ltd. dba COM LAUDE": 1,
        "RU-CENTER-RU": 1,
        "TLDS L.L.C. d/b/a SRSPlus": 1,
        "Tucows Domains Inc.": 1,
        "UNET-REG": 1,
        "URL Solutions Inc.": 14,
        "eNom, LLC": 9,
        "total": 132
    },
    "percentage": {
        "1API GmbH": 0.7575757575757576,
        "Alibaba Cloud Computing (Beijing) Co., Ltd.": 0.7575757575757576,
        "Amazon Registrar, Inc.": 2.272727272727273,
        "CSC Corporate Domains, Inc.": 0.7575757575757576,
        "CommuniGal Communications Ltd.": 0.7575757575757576,
        "DropCatch.com 892 LLC": 0.7575757575757576,
        "Dynadot LLC": 0.7575757575757576,
        "EuroDNS S.A.": 1.5151515151515151,
        "GoDaddy.com, LLC": 1.5151515151515151,
        "Hosting Concepts B.V. d/b/a Registrar.eu": 0.7575757575757576,
        "Hosting Ukraine LLC": 0.7575757575757576,
        "MarkMonitor Inc.": 59.84848484848485,
        "Moniker Online Services LLC": 0.7575757575757576,
        "NameCheap, Inc.": 5.303030303030303,
        "Namecheap": 0.7575757575757576,
        "Network Solutions, LLC": 0.7575757575757576,
        "Nom-iq Ltd. dba COM LAUDE": 0.7575757575757576,
        "RU-CENTER-RU": 0.7575757575757576,
        "TLDS L.L.C. d/b/a SRSPlus": 0.7575757575757576,
        "Tucows Domains Inc.": 0.7575757575757576,
        "UNET-REG": 0.7575757575757576,
        "URL Solutions Inc.": 10.606060606060606,
        "eNom, LLC": 6.818181818181818,
        "total": 99.99999999999994
    }
}