{
    "counter": {
        "1API GmbH": 1,
        "Alibaba Cloud Computing (Beijing) Co., Ltd.": 1,
        "Amazon Registrar, Inc.": 4,
        "CSC Corporate Domains, Inc.": 1,
        "CloudFlare, Inc.": 1,
        "CommuniGal Communications Ltd.": 1,
        "DropCatch.com 892 LLC": 1,
        "Dynadot LLC": 1,
        "EuroDNS S.A.": 2,
        "Gandi SAS": 1,
        "GoDaddy.com, LLC": 9,
        "Google LLC": 1,
        "Hosting Concepts B.V. d/b/a Registrar.eu": 1,
        "Hosting Ukraine LLC": 1,
        "Key-Systems GmbH": 1,
        "MarkMonitor Inc.": 131,
        "MarkMonitor, Inc.": 1,
        "Moniker Online Services LLC": 1,
        "NameCheap, Inc.": 10,
        "Namecheap": 1,
        "Network Solutions, LLC": 1,
        "Nom-iq Ltd. dba COM LAUDE": 1,
        "RU-CENTER-RU": 1,
        "TLDS L.L.C. d/b/a SRSPlus": 1,
        "Tucows Domains Inc.": 1,
        "UNET-REG": 1,
        "URL Solutions Inc.": 14,
        "eNom, LLC": 10,
        "total": 201
    },
    "percentage": {
        "1API GmbH": 0.4975124378109453,
        "Alibaba Cloud Computing (Beijing) Co., Ltd.": 0.4975124378109453,
        "Amazon Registrar, Inc.": 1.9900497512437811,
        "CSC Corporate Domains, Inc.": 0.4975124378109453,
        "CloudFlare, Inc.": 0.4975124378109453,
        "CommuniGal Communications Ltd.": 0.4975124378109453,
        "DropCatch.com 892 LLC": 0.4975124378109453,
        "Dynadot LLC": 0.4975124378109453,
        "EuroDNS S.A.": 0.9950248756218906,
        "Gandi SAS": 0.4975124378109453,
        "GoDaddy.com, LLC": 4.477611940298507,
        "Google LLC": 0.4975124378109453,
        "Hosting Concepts B.V. d/b/a Registrar.eu": 0.4975124378109453,
        "Hosting Ukraine LLC": 0.4975124378109453,
        "Key-Systems GmbH": 0.4975124378109453,
        "MarkMonitor Inc.": 65.17412935323384,
        "MarkMonitor, Inc.": 0.4975124378109453,
        "Moniker Online Services LLC": 0.4975124378109453,
        "NameCheap, Inc.": 4.975124378109452,
        "Namecheap": 0.4975124378109453,
        "Network Solutions, LLC": 0.4975124378109453,
        "Nom-iq Ltd. dba COM LAUDE": 0.4975124378109453,
        "RU-CENTER-RU": 0.4975124378109453,
        "TLDS L.L.C. d/b/a SRSPlus": 0.4975124378109453,
        "Tucows Domains Inc.": 0.4975124378109453,
        "UNET-REG": 0.4975124378109453,
        "URL Solutions Inc.": 6.965174129353234,
        "eNom, LLC": 4.975124378109452,
        "total": 99.99999999999996
    }
}