{
    "counter": {
        "101domain GRS Limited": 1,
        "1API GmbH": 1,
        "Alibaba Cloud Computing (Beijing) Co., Ltd.": 1,
        "Amazon Registrar, Inc.": 12,
        "CSC Corporate Domains, Inc.": 1,
        "CloudFlare, Inc.": 1,
        "CommuniGal Communications Ltd.": 1,
        "DYNADOT, LLC": 1,
        "Dotname Korea Corp.": 1,
        "DropCatch.com 892 LLC": 1,
        "Dynadot LLC": 1,
        "EuroDNS S.A.": 2,
        "Gandi SAS": 3,
        "GoDaddy.com, LLC": 9,
        "Google LLC": 1,
        "Hosting Concepts B.V. d/b/a Registrar.eu": 1,
        "Hosting Ukraine LLC": 1,
        "Key-Systems GmbH": 1,
        "MarkMonitor Inc.": 205,
        "MarkMonitor, Inc.": 1,
        "Moniker Online Services LLC": 1,
        "NameCheap, Inc.": 10,
        "Namecheap": 1,
        "Network Solutions, LLC": 1,
        "Nom-iq Ltd. dba COM LAUDE": 1,
        "RU-CENTER-RU": 1,
        "TLDS L.L.C. d/b/a SRSPlus": 1,
        "Tucows Domains Inc.": 1,
        "UNET-REG": 1,
        "URL Solutions Inc.": 14,
        "eNom, LLC": 10,
        "total": 288
    },
    "percentage": {
        "101domain GRS Limited": 0.3472222222222222,
        "1API GmbH": 0.3472222222222222,
        "Alibaba Cloud Computing (Beijing) Co., Ltd.": 0.3472222222222222,
        "Amazon Registrar, Inc.": 4.166666666666667,
        "CSC Corporate Domains, Inc.": 0.3472222222222222,
        "CloudFlare, Inc.": 0.3472222222222222,
        "CommuniGal Communications Ltd.": 0.3472222222222222,
        "DYNADOT, LLC": 0.3472222222222222,
        "Dotname Korea Corp.": 0.3472222222222222,
        "DropCatch.com 892 LLC": 0.3472222222222222,
        "Dynadot LLC": 0.3472222222222222,
        "EuroDNS S.A.": 0.6944444444444444,
        "Gandi SAS": 1.0416666666666667,
        "GoDaddy.com, LLC": 3.125,
        "Google LLC": 0.3472222222222222,
        "Hosting Concepts B.V. d/b/a Registrar.eu": 0.3472222222222222,
        "Hosting Ukraine LLC": 0.3472222222222222,
        "Key-Systems GmbH": 0.3472222222222222,
        "MarkMonitor Inc.": 71.18055555555556,
        "MarkMonitor, Inc.": 0.3472222222222222,
        "Moniker Online Services LLC": 0.3472222222222222,
        "NameCheap, Inc.": 3.4722222222222223,
        "Namecheap": 0.3472222222222222,
        "Network Solutions, LLC": 0.3472222222222222,
        "Nom-iq Ltd. dba COM LAUDE": 0.3472222222222222,
        "RU-CENTER-RU": 0.3472222222222222,
        "TLDS L.L.C. d/b/a SRSPlus": 0.3472222222222222,
        "Tucows Domains Inc.": 0.3472222222222222,
        "UNET-REG": 0.3472222222222222,
        "URL Solutions Inc.": 4.861111111111111,
        "eNom, LLC": 3.4722222222222223,
        "total": 100.00000000000007
    }
}