{
    "counter": {
        "101domain GRS Limited": 1,
        "1API GmbH": 1,
        "Alibaba Cloud Computing (Beijing) Co., Ltd.": 1,
        "Amazon Registrar, Inc.": 12,
        "CSC Corporate Domains, Inc.": 1,
        "CloudFlare, Inc.": 1,
        "CommuniGal Communications Ltd.": 1,
        "DYNADOT, LLC": 1,
        "Dotname Korea Corp.": 1,
        "DropCatch.com 892 LLC": 1,
        "Dynadot LLC": 1,
        "EuroDNS S.A.": 2,
        "Gandi SAS": 3,
        "GoDaddy.com, LLC": 9,
        "Google LLC": 1,
        "Hosting Concepts B.V. d/b/a Registrar.eu": 1,
        "Hosting Ukraine LLC": 1,
        "Key-Systems GmbH": 1,
        "MarkMonitor Inc.": 210,
        "MarkMonitor, Inc.": 1,
        "Moniker Online Services LLC": 1,
        "NameCheap, Inc.": 10,
        "Namecheap": 1,
        "Network Solutions, LLC": 1,
        "Nom-iq Ltd. dba COM LAUDE": 1,
        "RU-CENTER-RU": 1,
        "TLDS L.L.C. d/b/a SRSPlus": 1,
        "Tucows Domains Inc.": 1,
        "UNET-REG": 1,
        "URL Solutions Inc.": 14,
        "eNom, LLC": 10,
        "total": 293
    },
    "percentage": {
        "101domain GRS Limited": 0.3412969283276451,
        "1API GmbH": 0.3412969283276451,
        "Alibaba Cloud Computing (Beijing) Co., Ltd.": 0.3412969283276451,
        "Amazon Registrar, Inc.": 4.09556313993174,
        "CSC Corporate Domains, Inc.": 0.3412969283276451,
        "CloudFlare, Inc.": 0.3412969283276451,
        "CommuniGal Communications Ltd.": 0.3412969283276451,
        "DYNADOT, LLC": 0.3412969283276451,
        "Dotname Korea Corp.": 0.3412969283276451,
        "DropCatch.com 892 LLC": 0.3412969283276451,
        "Dynadot LLC": 0.3412969283276451,
        "EuroDNS S.A.": 0.6825938566552902,
        "Gandi SAS": 1.023890784982935,
        "GoDaddy.com, LLC": 3.0716723549488054,
        "Google LLC": 0.3412969283276451,
        "Hosting Concepts B.V. d/b/a Registrar.eu": 0.3412969283276451,
        "Hosting Ukraine LLC": 0.3412969283276451,
        "Key-Systems GmbH": 0.3412969283276451,
        "MarkMonitor Inc.": 71.67235494880546,
        "MarkMonitor, Inc.": 0.3412969283276451,
        "Moniker Online Services LLC": 0.3412969283276451,
        "NameCheap, Inc.": 3.4129692832764507,
        "Namecheap": 0.3412969283276451,
        "Network Solutions, LLC": 0.3412969283276451,
        "Nom-iq Ltd. dba COM LAUDE": 0.3412969283276451,
        "RU-CENTER-RU": 0.3412969283276451,
        "TLDS L.L.C. d/b/a SRSPlus": 0.3412969283276451,
        "Tucows Domains Inc.": 0.3412969283276451,
        "UNET-REG": 0.3412969283276451,
        "URL Solutions Inc.": 4.778156996587031,
        "eNom, LLC": 3.4129692832764507,
        "total": 100.00000000000006
    }
}