{
    "counter": {
        "1API GmbH": 1,
        "Alibaba Cloud Computing (Beijing) Co., Ltd.": 1,
        "Amazon Registrar, Inc.": 3,
        "CSC Corporate Domains, Inc.": 1,
        "CommuniGal Communications Ltd.": 1,
        "GoDaddy.com, LLC": 1,
        "Hosting Ukraine LLC": 1,
        "MarkMonitor Inc.": 44,
        "Moniker Online Services LLC": 1,
        "NameCheap, Inc.": 3,
        "Network Solutions, LLC": 1,
        "Nom-iq Ltd. dba COM LAUDE": 1,
        "RU-CENTER-RU": 1,
        "TLDS L.L.C. d/b/a SRSPlus": 1,
        "Tucows Domains Inc.": 1,
        "UNET-REG": 1,
        "eNom, LLC": 6,
        "total": 69
    },
    "percentage": {
        "1API GmbH": 1.4492753623188406,
        "Alibaba Cloud Computing (Beijing) Co., Ltd.": 1.4492753623188406,
        "Amazon Registrar, Inc.": 4.3478260869565215,
        "CSC Corporate Domains, Inc.": 1.4492753623188406,
        "CommuniGal Communications Ltd.": 1.4492753623188406,
        "GoDaddy.com, LLC": 1.4492753623188406,
        "Hosting Ukraine LLC": 1.4492753623188406,
        "MarkMonitor Inc.": 63.768115942028984,
        "Moniker Online Services LLC": 1.4492753623188406,
        "NameCheap, Inc.": 4.3478260869565215,
        "Network Solutions, LLC": 1.4492753623188406,
        "Nom-iq Ltd. dba COM LAUDE": 1.4492753623188406,
        "RU-CENTER-RU": 1.4492753623188406,
        "TLDS L.L.C. d/b/a SRSPlus": 1.4492753623188406,
        "Tucows Domains Inc.": 1.4492753623188406,
        "UNET-REG": 1.4492753623188406,
        "eNom, LLC": 8.695652173913043,
        "total": 100.00000000000001
    }
}